Sample,SampleName,H1
Reads,Total Sample Reads,193882776
Reads,Passing Sample Reads,181164674
Reads,Reads Mapped to Genome,92.7%
Reads,Reads Mapped to Transcriptome,85.4%
Reads,Exonic Reads,34.7%
Reads,Antisense Reads,3.0%
Reads,Mitochondrial Reads,1.1%
Reads,Saturation,0.09
Reads,Average Trimmed Read Length,43.7
Cells,Unique Transcript Counts Threshold,667
Cells,Cells above Threshold,47347
Cells,Mean Passing Reads per Cell,3493
Cells,Median Unique Transcript Counts per Cell,2362
Cells,Median Genes per Cell,1713
Cells,Reads in Cells,91.6%
Extrapolated Complexity,Median unique transcript counts at 100 total reads per cell,73
Extrapolated Complexity,Median unique transcript counts at 500 total reads per cell,365
Extrapolated Complexity,Median unique transcript counts at 1000 total reads per cell,720
Extrapolated Complexity,Median unique transcript counts at 5000 total reads per cell,3254
Extrapolated Complexity,Median unique transcript counts at 10000 total reads per cell,5761
Extrapolated Complexity,Median unique transcript counts at 20000 total reads per cell,9179
