probe_id,off_target_genes
ENSG00000004478|FKBP4|ed8be23,ENSG00000235256|FKBP4P7;ENSG00000251463|FKBP4P1;ENSG00000268234|FKBP4P6;ENSG00000269692|FKBP4P2;ENSG00000276457|FKBP4P8
ENSG00000005302|MSL3|46ea040,ENSG00000224287|MSL3P1;ENSG00000239254|AC009220.2
ENSG00000006015|REX1BD|8367ca6,ENSG00000130766|SESN2
ENSG00000011009|LYPLA2|f905390,ENSG00000228285|LYPLA2P1;ENSG00000236604|LYPLA2P3;ENSG00000269153|LYPLA2P2
ENSG00000029363|BCLAF1|4400f06,ENSG00000248966|BCLAF1P1
ENSG00000048545|GUCA1A|42f457b,ENSG00000287363|AL096814.2
ENSG00000051596|THOC3|2d7334d,ENSG00000170089|AC106795.1
ENSG00000055955|ITIH4|e3e9693,ENSG00000243696|AC006254.1
ENSG00000058673|ZC3H11A|0f1fc9b,ENSG00000257315|ZBED6
ENSG00000065371|ROPN1|f33b60a,ENSG00000114547|ROPN1B
ENSG00000069329|VPS35|bb6ea42,ENSG00000260809|VPS35P1
ENSG00000071994|PDCD2|cb927a0,ENSG00000232905|AL162393.1;ENSG00000258072|AC126177.6
ENSG00000075415|SLC25A3|4aacdf9,ENSG00000258373|SLC25A3P2
ENSG00000076067|RBMS2|304b5ef,ENSG00000213250|RBMS2P1
ENSG00000079974|RABL2B|e9a1db0,ENSG00000144134|RABL2A
ENSG00000085063|CD59|34f2b67,ENSG00000284969|AL049629.2
ENSG00000085721|RRN3|5b53d08,ENSG00000248124|RRN3P1;ENSG00000284671|AC009093.9
ENSG00000086666|ZFAND6|4445859,ENSG00000179766|ATP8B5P;ENSG00000244213|ZFAND6P1
ENSG00000088832|FKBP1A|80d70f1,ENSG00000198225|FKBP1C
ENSG00000091262|ABCC6|e81099b,ENSG00000255277|ABCC6P2;ENSG00000256340|ABCC6P1
ENSG00000099290|WASHC2A|b48b5d2,ENSG00000172661|WASHC2C
ENSG00000099341|PSMD8|49642f5,ENSG00000228264|PSMD8P1
ENSG00000100033|PRODH|dbd8f28,ENSG00000277196|AC007325.2
ENSG00000100121|GGTLC2|96530b0,ENSG00000100031|GGT1;ENSG00000133475|GGT2;ENSG00000149435|GGTLC1;ENSG00000197421|GGT3P;ENSG00000230712|GGTLC4P;ENSG00000274252|GGTLC3;ENSG00000276160|GGTLC5P;ENSG00000280208|GGT4P;ENSG00000286070|GGT1
ENSG00000102309|PIN4|331db16,ENSG00000227973|PIN4P1;ENSG00000259622|AC026956.1
ENSG00000103363|ELOB|fed16cc,ENSG00000234152|ELOBP1;ENSG00000255262|ELOBP2
ENSG00000104827|CGB3|8b50922,ENSG00000189052|CGB5
ENSG00000104833|TUBB4A|3c28f20,ENSG00000176014|TUBB6;ENSG00000228466|TUBB4AP1
ENSG00000105483|CARD8|1493c9e,ENSG00000268001|CARD8-AS1
ENSG00000105808|RASA4|36557e8,ENSG00000170667|RASA4B;ENSG00000228903|RASA4CP
ENSG00000106069|CHN2|667c3a2,ENSG00000285162|AC004593.3
ENSG00000106348|IMPDH1|8406e89,ENSG00000214045|AC091807.1;ENSG00000218976|AL138725.1;ENSG00000224728|IMPDH1P8;ENSG00000226553|AC018735.1;ENSG00000232133|IMPDH1P10;ENSG00000237206|IMPDH1P4;ENSG00000239392|AL354989.2
ENSG00000106526|ACTR3C|0268b1c,ENSG00000133627|ACTR3B;ENSG00000226444|ACTR3BP6;ENSG00000226481|ACTR3BP2;ENSG00000227264|ACTR3BP5;ENSG00000249283|ACTR3BP4;ENSG00000260327|ACTR3BP3;ENSG00000270242|ACTR3BP1;ENSG00000273843|AC009091.1;ENSG00000280263|AC137499.2
ENSG00000107372|ZFAND5|8e4e9ea,ENSG00000269374|AC011497.2
ENSG00000108106|UBE2S|57262f0,ENSG00000233966|UBE2SP1
ENSG00000108468|CBX1|b5bbdef,ENSG00000230823|CBX1P1;ENSG00000237379|CBX1P3
ENSG00000111057|KRT18|1d46904,ENSG00000176855|KRT18P28;ENSG00000186082|KRT18P14;ENSG00000187686|KRT18P59;ENSG00000213211|KRT18P64;ENSG00000214012|KRT18P38;ENSG00000214207|KRT18P10;ENSG00000214417|KRT18P13;ENSG00000214533|KRT18P33;ENSG00000214794|KRT18P42;ENSG00000215089|KRT18P11;ENSG00000215149|KRT18P32;ENSG00000215333|KRT18P23;ENSG00000215553|KRT18P3;ENSG00000215606|KRT18P35;ENSG00000215807|KRT18P65;ENSG00000217889|KRT18P48;ENSG00000218153|KRT18P22;ENSG00000218728|KRT18P44;ENSG00000219941|KRT18P50;ENSG00000226234|KRT18P24;ENSG00000226246|KRT18P36;ENSG00000228666|KRT18P1;ENSG00000229222|KRT18P4;ENSG00000229798|KRT18P26;ENSG00000233425|KRT18P67;ENSG00000234737|KRT18P15;ENSG00000235275|KRT18P16;ENSG00000235413|KRT18P63;ENSG00000235626|KRT18P66;ENSG00000236670|KRT18P5;ENSG00000237007|KRT18P52;ENSG00000240128|KRT18P43;ENSG00000249064|KRT18P25;ENSG00000249438|KRT18P45;ENSG00000250363|KRT18P21;ENSG00000253943|KRT18P37;ENSG00000254831|KRT18P58;ENSG00000257758|KRT18P20;ENSG00000258783|KRT18P6;ENSG00000261764|KRT18P18;ENSG00000264644|KRT18P8;ENSG00000265480|KRT18P55;ENSG00000269012|KRT18P40;ENSG00000271231|KRT18P9
ENSG00000111704|NANOG|0910767,ENSG00000231750|NANOGP10;ENSG00000237065|NANOGP4;ENSG00000255192|NANOGP8
ENSG00000113558|SKP1|5f1e585,ENSG00000179406|LINC00174
ENSG00000116288|PARK7|1eb8eb9,ENSG00000257243|AC020612.1
ENSG00000117262|GPR89A|cf46910,ENSG00000188092|GPR89B
ENSG00000118363|SPCS2|88ad972,ENSG00000228589|SPCS2P4
ENSG00000119139|TJP2|bbab234,ENSG00000285130|AL358113.1
ENSG00000119328|ABITRAM|fcbc93b,ENSG00000251106|ABITRAMP1
ENSG00000119673|ACOT2|481280d,ENSG00000184227|ACOT1
ENSG00000120948|TARDBP|b93748c,ENSG00000238213|TARDBPP2;ENSG00000253555|AC011978.1
ENSG00000120992|LYPLA1|29350f6,ENSG00000218350|LYPLA1P3
ENSG00000121335|PRB2|1ac0937,ENSG00000134551|PRH2;ENSG00000197870|PRB3;ENSG00000230657|PRB4;ENSG00000231887|PRH1;ENSG00000251655|PRB1
ENSG00000122543|OCM|3074a2b,ENSG00000135175|OCM2
ENSG00000124103|FAM209A|7d315e3,ENSG00000213714|FAM209B
ENSG00000124193|SRSF6|e639399,ENSG00000235554|AC005822.1
ENSG00000125498|KIR2DL1|e47f285,ENSG00000167633|KIR3DL1;ENSG00000189013|KIR2DL4;ENSG00000221957|KIR2DS4;ENSG00000242019|KIR3DL3;ENSG00000242473|KIR2DP1;ENSG00000243772|KIR2DL3
ENSG00000126251|GPR42|575dfa6,ENSG00000185897|FFAR3
ENSG00000126653|NSRP1|8feec86,ENSG00000235613|NSRP1P1
ENSG00000126752|SSX1|5e05d77,ENSG00000165584|SSX3
ENSG00000126752|SSX1|a06bf12,ENSG00000171483|SSX6P
ENSG00000127780|OR1E2|47bd169,ENSG00000180016|OR1E1
ENSG00000128185|DGCR6L|2754602,ENSG00000183628|DGCR6;ENSG00000278817|AC007325.4
ENSG00000129968|ABHD17A|45e5129,ENSG00000136379|ABHD17C;ENSG00000198658|ABHD17AP1;ENSG00000226981|ABHD17AP6;ENSG00000229107|ABHD17AP4;ENSG00000250536|ABHD17AP3;ENSG00000263366|ABHD17AP5
ENSG00000130283|GDF1|220e4f5,ENSG00000223802|CERS1
ENSG00000130538|OR11H1|897aea3,ENSG00000196143|OR11H13P;ENSG00000257115|OR11H12;ENSG00000258453|OR11H2;ENSG00000258721|OR11H3P;ENSG00000279639|AC135068.5
ENSG00000130948|HSD17B3|a995bd2,ENSG00000285269|AL160269.1
ENSG00000130950|NUTM2F|c433211,ENSG00000184923|NUTM2A;ENSG00000188152|NUTM2G;ENSG00000188199|NUTM2B;ENSG00000214562|NUTM2D;ENSG00000228570|NUTM2E;ENSG00000232706|NUTM2HP
ENSG00000132196|HSD17B7|d3308cd,ENSG00000099251|HSD17B7P2
ENSG00000132300|PTCD3|d5767e3,ENSG00000268379|AC025588.1
ENSG00000133606|MKRN1|315eb6b,ENSG00000225849|MKRN7P;ENSG00000233820|AL589843.2;ENSG00000237090|AL512353.3
ENSG00000134339|SAA2|f977796,ENSG00000166787|SAA3P;ENSG00000173432|SAA1
ENSG00000134352|IL6ST|37b626d,ENSG00000227018|IL6STP1
ENSG00000134352|IL6ST|6ecdc6b,ENSG00000227018|IL6STP1
ENSG00000136488|CSH1|7ff4031,ENSG00000136487|GH2;ENSG00000204414|CSHL1;ENSG00000213218|CSH2;ENSG00000259384|GH1
ENSG00000136682|CBWD2|fbca6c8,ENSG00000147996|CBWD5;ENSG00000172785|CBWD1;ENSG00000196873|CBWD3;ENSG00000215126|CBWD6
ENSG00000136698|CFC1|8920a74,ENSG00000152093|CFC1B
ENSG00000137752|CASP1|4a2a43e,ENSG00000254750|CASP1P2;ENSG00000255430|CASP1P1
ENSG00000137752|CASP1|4e2111f,ENSG00000204397|CARD16;ENSG00000254750|CASP1P2;ENSG00000255221|CARD17
ENSG00000137878|GCOM1|429fcea,ENSG00000263155|MYZAP
ENSG00000138035|PNPT1|01231cd,ENSG00000229241|PNPT1P1
ENSG00000138430|OLA1|c12b153,ENSG00000213671|OLA1P2
ENSG00000139112|GABARAPL1|4d0e1bb,ENSG00000238244|GABARAPL3
ENSG00000139133|ALG10|1b98a6e,ENSG00000175548|ALG10B
ENSG00000140478|GOLGA6D|34d43f1,ENSG00000159289|GOLGA6A;ENSG00000167195|GOLGA6C;ENSG00000187812|AC019294.1;ENSG00000215186|GOLGA6B;ENSG00000260144|AC100827.2;ENSG00000260776|AC104758.3;ENSG00000261303|AC022748.2
ENSG00000140839|CLEC18B|50fac78,ENSG00000157322|CLEC18A;ENSG00000157335|CLEC18C
ENSG00000140905|GCSH|c00346d,ENSG00000023228|NDUFS1
ENSG00000143252|SDHC|e9b8a37,ENSG00000108958|AC130689.1;ENSG00000214549|SDHCP2;ENSG00000234946|SDHCP3;ENSG00000255035|SDHCP4
ENSG00000143556|S100A7|b49a38b,ENSG00000184330|S100A7A
ENSG00000143556|S100A7|fceed33,ENSG00000184330|S100A7A
ENSG00000144010|TRIM43B|dea0608,ENSG00000144015|TRIM43
ENSG00000144134|RABL2A|8781a99,ENSG00000079974|RABL2B
ENSG00000145736|GTF2H2|f9ee471,ENSG00000183474|GTF2H2C;ENSG00000226259|GTF2H2B
ENSG00000146457|WTAP|e1bc864,ENSG00000232702|AL158050.1
ENSG00000146574|CCZ1B|836532b,ENSG00000122674|CCZ1
ENSG00000146707|POMZP3|3efecf7,ENSG00000188372|ZP3
ENSG00000147419|CCDC25|16d22c7,ENSG00000263311|AC009127.2
ENSG00000147853|AK3|0dce1f5,ENSG00000228816|AK3P5;ENSG00000250115|AK3P2
ENSG00000150753|CCT5|36547c6,ENSG00000230584|CCT5P2;ENSG00000250444|CCT5P1
ENSG00000151967|SCHIP1|f1ca7a4,ENSG00000283154|IQCJ-SCHIP1
ENSG00000152076|CCDC74B|b87e8ba,ENSG00000163040|CCDC74A
ENSG00000152082|MZT2B|f74fa2d,ENSG00000173272|MZT2A;ENSG00000278337|AL139327.4;ENSG00000284665|AC002472.4
ENSG00000152093|CFC1B|1761bfe,ENSG00000136698|CFC1
ENSG00000152969|JAKMIP1|8577b57,ENSG00000181215|C4orf50
ENSG00000153130|SCOC|4d6f48c,ENSG00000258896|SCOCP1
ENSG00000153684|GOLGA8F|0f8139d,ENSG00000183629|GOLGA8G
ENSG00000153976|HS3ST3A1|df3b381,ENSG00000125430|HS3ST3B1
ENSG00000154016|GRAP|48e866c,ENSG00000228081|AC092810.2
ENSG00000155329|ZCCHC10|eb2bf18,ENSG00000213155|AC007547.1;ENSG00000249744|AC010374.2
ENSG00000158483|FAM86C1|dd4e982,ENSG00000160172|FAM86C2P
ENSG00000158517|NCF1|cf591ab,ENSG00000165178|NCF1C
ENSG00000158639|PAGE5|b61e25a,ENSG00000232765|AL158819.1
ENSG00000160124|CCDC58|f2b40a8,ENSG00000236944|CCDC58P2;ENSG00000264311|CCDC58P1;ENSG00000267076|CCDC58P3
ENSG00000160200|CBS|44affdf,ENSG00000274276|CBSL
ENSG00000160202|CRYAA|3d22de8,ENSG00000276076|CRYAA2
ENSG00000160221|GATD3A|de20325,ENSG00000280071|GATD3B
ENSG00000160321|ZNF208|99b9baf,ENSG00000172687|ZNF738;ENSG00000173041|ZNF680;ENSG00000182141|ZNF708;ENSG00000196172|ZNF681;ENSG00000237440|ZNF737;ENSG00000269067|ZNF728
ENSG00000161800|RACGAP1|51ecb16,ENSG00000248249|AC110794.1
ENSG00000162959|MEMO1|9521bbe,ENSG00000162961|DPY30;ENSG00000213117|AL021939.1
ENSG00000163040|CCDC74A|c2d0366,ENSG00000152076|CCDC74B
ENSG00000163126|ANKRD23|8453167,ENSG00000213337|ANKRD39
ENSG00000164068|RNF123|61d7230,ENSG00000215908|CROCCP2;ENSG00000283773|AL137798.3
ENSG00000164241|C5orf63|16cd077,ENSG00000254596|AP002748.3
ENSG00000165055|METTL2B|f21b1d2,ENSG00000087995|METTL2A
ENSG00000165841|CYP2C19|6f10a6f,ENSG00000138109|CYP2C9
ENSG00000166351|POTED|9be9652,ENSG00000183206|POTEC;ENSG00000187537|POTEG;ENSG00000188877|POTEA;ENSG00000196834|POTEI;ENSG00000198062|POTEH;ENSG00000222036|POTEM;ENSG00000222038|POTEJ;ENSG00000230031|POTEB2;ENSG00000233917|POTEB;ENSG00000276760|AC136352.2;ENSG00000277630|BX072566.1;ENSG00000278522|POTEB3
ENSG00000167232|ZNF91|00be3dd,ENSG00000160321|ZNF208;ENSG00000196081|ZNF724;ENSG00000196109|ZNF676;ENSG00000196705|ZNF431;ENSG00000197008|ZNF138;ENSG00000197360|ZNF98;ENSG00000213096|ZNF254;ENSG00000213967|ZNF726;ENSG00000215198|AL353795.1;ENSG00000229676|ZNF492;ENSG00000233836|AC139769.1;ENSG00000268100|ZNF725P;ENSG00000269138|ZNF209P
ENSG00000167232|ZNF91|9350daf,ENSG00000268100|ZNF725P
ENSG00000167244|IGF2|09ec19f,ENSG00000284779|AC132217.2
ENSG00000167555|ZNF528|7b4b286,ENSG00000196214|ZNF766;ENSG00000197608|ZNF841;ENSG00000198464|ZNF480;ENSG00000198633|ZNF534;ENSG00000221923|ZNF880
ENSG00000167562|ZNF701|5f91541,ENSG00000123870|ZNF137P;ENSG00000145908|ZNF300;ENSG00000180257|ZNF816;ENSG00000189190|ZNF600;ENSG00000196417|ZNF765;ENSG00000198346|ZNF813;ENSG00000198482|ZNF808;ENSG00000198538|ZNF28;ENSG00000204604|ZNF468;ENSG00000258405|ZNF578
ENSG00000167633|KIR3DL1|e66e890,ENSG00000240403|KIR3DL2
ENSG00000167733|HSD11B1L|d0387c8,ENSG00000130255|RPL36
ENSG00000167985|SDHAF2|0ca6a23,ENSG00000256591|AP003108.2
ENSG00000168439|STIP1|76fad0c,ENSG00000225536|STIP1P3
ENSG00000168765|GSTM4|5926ac5,ENSG00000134184|GSTM1;ENSG00000226878|GSTM3P2
ENSG00000168818|STX18|07ba465,ENSG00000266876|AC104996.2
ENSG00000168930|TRIM49|149beb0,ENSG00000204449|TRIM49C
ENSG00000169059|VCX3A|4f809be,ENSG00000129862|VCY1B;ENSG00000129864|VCY;ENSG00000177504|VCX2;ENSG00000182583|VCX;ENSG00000205642|VCX3B
ENSG00000169230|PRELID1|128ff3f,ENSG00000217325|PRELID1P1;ENSG00000226986|AC092017.1;ENSG00000228305|AC016734.1;ENSG00000230748|AL157714.1;ENSG00000259592|PRELID1P4
ENSG00000169474|SPRR1A|864f9c6,ENSG00000169469|SPRR1B
ENSG00000169621|APLF|4ead01e,ENSG00000169618|PROKR1
ENSG00000169756|LIMS1|dbfd93e,ENSG00000256671|LIMS4;ENSG00000256977|LIMS3
ENSG00000170074|FAM153A|a97c3ca,ENSG00000182230|FAM153B;ENSG00000204677|FAM153CP
ENSG00000170160|CCDC144A|f00cb16,ENSG00000154874|CCDC144B;ENSG00000154898|CCDC144CP;ENSG00000205212|CCDC144NL
ENSG00000170298|LGALS9B|8c26e2f,ENSG00000171916|LGALS9C
ENSG00000170373|CST1|6cc178e,ENSG00000101441|CST4;ENSG00000170369|CST2;ENSG00000228476|CSTP1;ENSG00000277975|CSTP2
ENSG00000170379|TCAF2|0095509,ENSG00000159860|TCAF2P1;ENSG00000283528|TCAF2C
ENSG00000171489|SPACA5|26e8c2d,ENSG00000171478|SPACA5B
ENSG00000171928|TVP23B|93f2a58,ENSG00000262470|TVP23CP2
ENSG00000171943|SRGAP2C|89cf252,ENSG00000196369|SRGAP2B;ENSG00000266028|SRGAP2;ENSG00000270872|SRGAP2D
ENSG00000172116|CD8B|785d57f,ENSG00000254126|CD8B2
ENSG00000172236|TPSAB1|62d5f5a,ENSG00000095917|TPSD1;ENSG00000197253|TPSB2
ENSG00000172650|AGAP5|a3f7d5b,ENSG00000157985|AGAP1;ENSG00000178440|TIMM23B-AGAP6;ENSG00000188234|AGAP4;ENSG00000204149|AGAP6;ENSG00000227141|AL160286.1;ENSG00000230869|AGAP10P;ENSG00000261011|AL136982.4;ENSG00000264204|AGAP7P;ENSG00000265018|AGAP12P;ENSG00000279058|AGAP14P
ENSG00000172780|RAB43|4067011,ENSG00000259856|RAB43P1
ENSG00000172785|CBWD1|ffc0de6,ENSG00000136682|CBWD2;ENSG00000147996|CBWD5;ENSG00000196873|CBWD3;ENSG00000215126|CBWD6
ENSG00000173213|TUBB8P12|66e119d,ENSG00000188229|TUBB4B;ENSG00000251297|TUBB7P;ENSG00000261812|TUBB8P7
ENSG00000173272|MZT2A|ce0176b,ENSG00000152082|MZT2B
ENSG00000173432|SAA1|f2a087c,ENSG00000134339|SAA2
ENSG00000173480|ZNF417|38758e6,ENSG00000198466|ZNF587
ENSG00000173486|FKBP2|268c3bd,ENSG00000286264|AP001453.3
ENSG00000173598|NUDT4|47bcd80,ENSG00000177144|NUDT4B;ENSG00000271121|NUDT4P2
ENSG00000173673|HES3|e5adfe2,ENSG00000151615|POU4F2
ENSG00000173933|RBM4|85ef8c7,ENSG00000254061|AC091144.2
ENSG00000174428|GTF2IRD2B|2c1dff8,ENSG00000196275|GTF2IRD2;ENSG00000214544|GTF2IRD2P1
ENSG00000174501|ANKRD36C|8b1a90b,ENSG00000135976|ANKRD36
ENSG00000175265|GOLGA8A|50befeb,ENSG00000215252|GOLGA8B
ENSG00000175390|EIF3F|39216fa,ENSG00000233426|EIF3FP3
ENSG00000175548|ALG10B|16c5b68,ENSG00000139133|ALG10
ENSG00000176261|ZBTB8OS|809b8b9,ENSG00000172799|ZBTB8OSP2
ENSG00000176294|OR4N2|45abb7c,ENSG00000183706|OR4N4;ENSG00000259435|OR4N3P;ENSG00000274792|AC171558.1;ENSG00000276872|AC171558.4;ENSG00000279408|AC135068.3;ENSG00000279445|AC135068.4
ENSG00000176294|OR4N2|668462a,ENSG00000183706|OR4N4;ENSG00000184394|OR4N5;ENSG00000258564|OR4N1P;ENSG00000259435|OR4N3P;ENSG00000274792|AC171558.1;ENSG00000276872|AC171558.4;ENSG00000279408|AC135068.3;ENSG00000279445|AC135068.4
ENSG00000176695|OR4F17|35e5b70,ENSG00000177693|OR4F4;ENSG00000186092|OR4F5
ENSG00000177151|OR2T35|8916749,ENSG00000196240|OR2T2
ENSG00000177257|DEFB4B|5aebfce,ENSG00000171711|DEFB4A
ENSG00000177879|AP3S1|5773e9c,ENSG00000213036|AL445305.1;ENSG00000271370|AC007619.2
ENSG00000177990|DPY19L2|d824387,ENSG00000225100|DPY19L2P5;ENSG00000235436|DPY19L2P4
ENSG00000178104|PDE4DIP|2a7b67d,ENSG00000215861|AC245297.1;ENSG00000274642|AC244669.2;ENSG00000275131|AC241952.1
ENSG00000178115|GOLGA8Q|87a2243,ENSG00000103832|GOLGA8UP;ENSG00000107951|MTPAP;ENSG00000153684|GOLGA8F;ENSG00000166104|AC126323.1;ENSG00000167110|GOLGA2;ENSG00000172297|GOLGA2P3Y;ENSG00000175676|GOLGA8EP;ENSG00000179938|GOLGA8J;ENSG00000181984|GOLGA8CP;ENSG00000183629|GOLGA8G;ENSG00000185182|GOLGA8DP;ENSG00000186399|GOLGA8R;ENSG00000188626|GOLGA8M;ENSG00000206127|GOLGA8O;ENSG00000214433|GOLGA2P8;ENSG00000232653|GOLGA8N;ENSG00000238105|GOLGA2P5;ENSG00000239533|GOLGA2P2Y;ENSG00000249931|GOLGA8K;ENSG00000260144|AC100827.2;ENSG00000261247|GOLGA8T;ENSG00000261739|GOLGA8S;ENSG00000261794|GOLGA8H;ENSG00000269332|GOLGA2P9;ENSG00000277561|GOLGA8IP
ENSG00000178287|SPAG11A|1682d13,ENSG00000164871|SPAG11B
ENSG00000178287|SPAG11A|a5a6c77,ENSG00000164871|SPAG11B
ENSG00000178809|TRIM73|3e8a95a,ENSG00000146755|TRIM50;ENSG00000155428|TRIM74
ENSG00000178934|LGALS7B|f1c656f,ENSG00000205076|LGALS7
ENSG00000178982|EIF3K|248e093,ENSG00000175749|EIF3KP1
ENSG00000179172|HNRNPCL1|ff28a81,ENSG00000092199|HNRNPC;ENSG00000179412|HNRNPCL4;ENSG00000204253|HNRNPCP2;ENSG00000213305|HNRNPCP6;ENSG00000232048|HNRNPCP9;ENSG00000259419|HNRNPCP3;ENSG00000263179|HNRNPCP4;ENSG00000275774|HNRNPCL2;ENSG00000277058|HNRNPCL3
ENSG00000179889|PDXDC1|eec343b,ENSG00000255185|PDXDC2P
ENSG00000180535|BHLHA15|1460407,ENSG00000239305|RNF103
ENSG00000180855|ZNF443|438c155,ENSG00000196466|ZNF799
ENSG00000181220|ZNF746|ddd6fac,ENSG00000133624|ZNF767P
ENSG00000181404|WASHC1|799d430,ENSG00000146556|WASH2P;ENSG00000182484|WASH6P;ENSG00000185596|WASH3P;ENSG00000226210|WASH8P;ENSG00000227232|WASH7P;ENSG00000234769|WASH4P;ENSG00000279457|WASH9P
ENSG00000182149|IST1|e662834,ENSG00000267422|AC016582.2
ENSG00000182230|FAM153B|cdd2d81,ENSG00000170074|FAM153A;ENSG00000204677|FAM153CP
ENSG00000182415|CDY2A|f9cc525,ENSG00000129873|CDY2B;ENSG00000172288|CDY1;ENSG00000172352|CDY1B
ENSG00000182583|VCX|d791a8e,ENSG00000169059|VCX3A;ENSG00000177504|VCX2;ENSG00000205642|VCX3B
ENSG00000182782|HCAR2|5266218,ENSG00000255398|HCAR3
ENSG00000182890|GLUD2|3d458fd,ENSG00000148672|GLUD1
ENSG00000182903|ZNF721|5336975,ENSG00000131127|ZNF141;ENSG00000186777|ZNF732;ENSG00000198155|ZNF876P;ENSG00000250312|ZNF718;ENSG00000272602|ZNF595
ENSG00000182986|ZNF320|68d29fe,ENSG00000204604|ZNF468
ENSG00000183137|CEP57L1|e19ec5f,ENSG00000224725|CEP57L1P1
ENSG00000183206|POTEC|d45cf92,ENSG00000166351|POTED;ENSG00000187537|POTEG;ENSG00000188219|POTEE;ENSG00000196604|POTEF;ENSG00000196834|POTEI;ENSG00000198062|POTEH;ENSG00000204434|POTEKP;ENSG00000222036|POTEM;ENSG00000222038|POTEJ;ENSG00000230031|POTEB2;ENSG00000233917|POTEB;ENSG00000276760|AC136352.2;ENSG00000277630|BX072566.1;ENSG00000278522|POTEB3
ENSG00000183281|PLGLB1|ba3b434,ENSG00000122194|PLG;ENSG00000125551|PLGLB2;ENSG00000198670|LPA;ENSG00000213071|LPAL2
ENSG00000183474|GTF2H2C|6112cb1,ENSG00000145736|GTF2H2;ENSG00000226259|GTF2H2B
ENSG00000183474|GTF2H2C|9b451e3,ENSG00000145736|GTF2H2;ENSG00000226259|GTF2H2B
ENSG00000183628|DGCR6|05c05af,ENSG00000278817|AC007325.4
ENSG00000183706|OR4N4|4323d3c,ENSG00000258564|OR4N1P;ENSG00000274792|AC171558.1;ENSG00000279408|AC135068.3
ENSG00000184185|KCNJ12|4771df2,ENSG00000260458|KCNJ18
ENSG00000184203|PPP1R2|9795e29,ENSG00000231989|PPP1R2B
ENSG00000184206|GOLGA6L4|9396e2d,ENSG00000103832|GOLGA8UP;ENSG00000167110|GOLGA2;ENSG00000172297|GOLGA2P3Y;ENSG00000175265|GOLGA8A;ENSG00000188388|GOLGA6L3;ENSG00000197092|GOLGA6L16P;ENSG00000197978|GOLGA6L9;ENSG00000205333|GOLGA2P1;ENSG00000215252|GOLGA8B;ENSG00000223698|GOLGA6L11P;ENSG00000229608|GOLGA2P4;ENSG00000230373|GOLGA6L5P;ENSG00000239533|GOLGA2P2Y;ENSG00000244480|AC005154.2;ENSG00000259683|AC243562.2;ENSG00000277741|GOLGA6L17P;ENSG00000278662|GOLGA6L10
ENSG00000184388|PABPC1L2B|aa7b950,ENSG00000186288|PABPC1L2A
ENSG00000184492|FOXD4L1|7e351ab,ENSG00000170122|FOXD4;ENSG00000184659|FOXD4L4;ENSG00000187559|FOXD4L3;ENSG00000204779|FOXD4L5;ENSG00000273514|FOXD4L6
ENSG00000184635|ZNF93|be753d4,ENSG00000081665|ZNF506
ENSG00000184659|FOXD4L4|27fcb01,ENSG00000204779|FOXD4L5
ENSG00000185040|SPDYE16|352e2e5,ENSG00000136206|SPDYE1;ENSG00000170092|SPDYE5;ENSG00000173678|SPDYE2B;ENSG00000179994|SPDYE7P;ENSG00000183318|SPDYE4;ENSG00000184616|SPDYE12P;ENSG00000186645|SPDYE17;ENSG00000205238|SPDYE2;ENSG00000205482|SPDYE18;ENSG00000214300|SPDYE3;ENSG00000230358|SPDYE21P;ENSG00000260097|SPDYE6;ENSG00000262461|SPDYE9P;ENSG00000266537|SPDYE22P;ENSG00000273520|SPDYE8P;ENSG00000274570|SPDYE10P;ENSG00000275328|SPDYE19P;ENSG00000277327|SPDYE20P;ENSG00000286014|AC211486.6;ENSG00000286038|AC211486.7;ENSG00000286137|AC211486.8;ENSG00000286228|SPDYE17
ENSG00000185176|AQP12B|9544304,ENSG00000184945|AQP12A
ENSG00000185303|SFTPA2|0ff30eb,ENSG00000122852|SFTPA1
ENSG00000185304|RGPD2|27c1dc3,ENSG00000015568|RGPD5;ENSG00000153165|RGPD3;ENSG00000153201|RANBP2;ENSG00000169629|RGPD8;ENSG00000183054|RGPD6;ENSG00000187627|RGPD1;ENSG00000196862|RGPD4
ENSG00000185721|DRG1|3a077d2,ENSG00000235411|AC007041.1
ENSG00000185721|DRG1|b16d813,ENSG00000198089|SFI1
ENSG00000185829|ARL17A|0705e04,ENSG00000228696|ARL17B;ENSG00000272134|AC103810.6
ENSG00000185829|ARL17A|263bf50,ENSG00000228696|ARL17B
ENSG00000185829|ARL17A|fcf281f,ENSG00000228696|ARL17B
ENSG00000186092|OR4F5|118842c,ENSG00000176695|OR4F17;ENSG00000177693|OR4F4
ENSG00000186146|DEFB131A|f0fe59a,ENSG00000225805|DEFB131B;ENSG00000237215|DEFB131D;ENSG00000254507|DEFB131E;ENSG00000254700|DEFB131C
ENSG00000186523|FAM86B1|a3a9637,ENSG00000145002|FAM86B2;ENSG00000173295|FAM86B3P
ENSG00000186803|IFNA10|4a8e572,ENSG00000147885|IFNA16;ENSG00000236637|IFNA4
ENSG00000186918|ZNF395|29a1b2f,ENSG00000214050|FBXO16
ENSG00000187134|AKR1C1|3467feb,ENSG00000151632|AKR1C2
ENSG00000187559|FOXD4L3|07ade06,ENSG00000170122|FOXD4;ENSG00000184492|FOXD4L1;ENSG00000184659|FOXD4L4;ENSG00000204779|FOXD4L5;ENSG00000273514|FOXD4L6
ENSG00000187630|DHRS4L2|f8fd41d,ENSG00000157326|DHRS4;ENSG00000225766|DHRS4L1
ENSG00000188076|SCGB1C1|31ca367,ENSG00000268320|SCGB1C2
ENSG00000188100|FAM25A|6ce23b9,ENSG00000189090|FAM25G;ENSG00000231122|FAM25E;ENSG00000273225|FAM25BP;ENSG00000276430|FAM25C
ENSG00000188152|NUTM2G|0ed80a3,ENSG00000130950|NUTM2F
ENSG00000188155|KRTAP10-6|1b6da20,ENSG00000187766|KRTAP10-8;ENSG00000189169|KRTAP10-12;ENSG00000215454|KRTAP10-4;ENSG00000272804|KRTAP10-7
ENSG00000188199|NUTM2B|0a48009,ENSG00000228570|NUTM2E
ENSG00000188219|POTEE|384fc02,ENSG00000196604|POTEF
ENSG00000188234|AGAP4|e8dea5b,ENSG00000172650|AGAP5;ENSG00000178440|TIMM23B-AGAP6;ENSG00000204149|AGAP6;ENSG00000204172|AGAP9;ENSG00000230869|AGAP10P;ENSG00000265018|AGAP12P
ENSG00000188343|FAM92A|9b5a6c6,ENSG00000157021|FAM92A1P1
ENSG00000188610|FAM72B|210b3e4,ENSG00000196550|FAM72A;ENSG00000215784|FAM72D;ENSG00000263513|FAM72C
ENSG00000188818|ZDHHC11|aab3c99,ENSG00000206077|ZDHHC11B
ENSG00000189052|CGB5|1c212c0,ENSG00000104818|CGB2;ENSG00000104826|LHB;ENSG00000104827|CGB3;ENSG00000196337|CGB7;ENSG00000213030|CGB8;ENSG00000267631|CGB1
ENSG00000189169|KRTAP10-12|1ca7d31,ENSG00000205445|KRTAP10-2
ENSG00000189339|SLC35E2B|202ddf3,ENSG00000215790|SLC35E2A
ENSG00000189357|SPATA31D4|3503558,ENSG00000186788|SPATA31D3;ENSG00000214929|SPATA31D1;ENSG00000240632|SPATA31D5P
ENSG00000196275|GTF2IRD2|24f2b86,ENSG00000174428|GTF2IRD2B
ENSG00000196312|MFSD14C|e10ee63,ENSG00000148110|MFSD14B
ENSG00000196337|CGB7|1bc7a39,ENSG00000104818|CGB2;ENSG00000104826|LHB;ENSG00000104827|CGB3;ENSG00000189052|CGB5;ENSG00000213030|CGB8
ENSG00000196369|SRGAP2B|94c4ff8,ENSG00000171943|SRGAP2C;ENSG00000266028|SRGAP2;ENSG00000270872|SRGAP2D
ENSG00000196427|NBPF4|d11dec0,ENSG00000186086|NBPF6;ENSG00000205449|NBPF22P
ENSG00000196459|TRAPPC2|a31b05a,ENSG00000256060|TRAPPC2B
ENSG00000196539|OR2T3|eb2fe25,ENSG00000183310|OR2T34
ENSG00000196565|HBG2|84e28b9,ENSG00000213931|HBE1;ENSG00000213934|HBG1;ENSG00000239920|AC104389.5
ENSG00000196604|POTEF|6cc61e8,ENSG00000188219|POTEE;ENSG00000196834|POTEI;ENSG00000204434|POTEKP;ENSG00000222038|POTEJ
ENSG00000196620|UGT2B15|3fa11c7,ENSG00000109181|UGT2B10;ENSG00000197888|UGT2B17;ENSG00000215110|UGT2B25P;ENSG00000250919|UGT2B26P;ENSG00000251685|UGT2B27P
ENSG00000196724|ZNF418|d67a70b,ENSG00000173480|ZNF417;ENSG00000178935|ZNF552;ENSG00000198466|ZNF587;ENSG00000204514|ZNF814;ENSG00000223965|ZNF587P1;ENSG00000269343|ZNF587B
ENSG00000196834|POTEI|4307a72,ENSG00000166351|POTED;ENSG00000183206|POTEC;ENSG00000187537|POTEG;ENSG00000188219|POTEE;ENSG00000196604|POTEF;ENSG00000198062|POTEH;ENSG00000204434|POTEKP;ENSG00000222036|POTEM;ENSG00000230031|POTEB2;ENSG00000233917|POTEB;ENSG00000276760|AC136352.2;ENSG00000277630|BX072566.1;ENSG00000278522|POTEB3
ENSG00000196873|CBWD3|7049c2f,ENSG00000136682|CBWD2;ENSG00000147996|CBWD5;ENSG00000172785|CBWD1;ENSG00000215126|CBWD6
ENSG00000196912|ANKRD36B|0b35932,ENSG00000135976|ANKRD36
ENSG00000197021|CXorf40B|32f1e9c,ENSG00000197620|CXorf40A
ENSG00000197110|IFNL3|fb22080,ENSG00000183709|IFNL2;ENSG00000268510|IFNL3P1
ENSG00000197153|HIST1H3J|17f6bee,ENSG00000132475|H3F3B;ENSG00000168148|HIST3H3;ENSG00000188375|H3F3C;ENSG00000275379|HIST1H3I;ENSG00000275714|HIST1H3A;ENSG00000287080|HIST1H3C
ENSG00000197223|C1D|12ca4e4,ENSG00000231245|C1DP1;ENSG00000236217|C1DP2
ENSG00000197253|TPSB2|bf0101e,ENSG00000095917|TPSD1;ENSG00000172236|TPSAB1
ENSG00000197451|HNRNPAB|ca96e46,ENSG00000255734|HNRNPABP1
ENSG00000197619|ZNF615|0ff88da,ENSG00000176024|ZNF613;ENSG00000198093|ZNF649;ENSG00000256683|ZNF350
ENSG00000197734|C14orf178|37b21ca,ENSG00000119705|SLIRP
ENSG00000197779|ZNF81|2a59cfc,ENSG00000147124|ZNF41
ENSG00000198062|POTEH|46a9fdc,ENSG00000166351|POTED;ENSG00000187537|POTEG;ENSG00000188877|POTEA;ENSG00000196604|POTEF;ENSG00000196834|POTEI;ENSG00000204434|POTEKP;ENSG00000222036|POTEM;ENSG00000222038|POTEJ;ENSG00000277630|BX072566.1
ENSG00000198538|ZNF28|0f8e649,ENSG00000213793|ZNF888
ENSG00000198573|SPANXC|c040170,ENSG00000196406|SPANXD
ENSG00000198804|MT-CO1|c3c5de0,ENSG00000230916|MTCO1P53;ENSG00000237973|MTCO1P12;ENSG00000262902|MTCO1P40
ENSG00000198814|GK|4376540,ENSG00000178146|AL672207.1;ENSG00000229894|GK3P;ENSG00000249244|AC110373.1
ENSG00000203661|OR2T5|4fed8cb,ENSG00000182783|OR2T29;ENSG00000196944|OR2T4
ENSG00000203690|TCP10|84010ae,ENSG00000166984|TCP10L2
ENSG00000204147|ASAH2B|4bc4889,ENSG00000188611|ASAH2
ENSG00000204172|AGAP9|d365b11,ENSG00000157985|AGAP1;ENSG00000172650|AGAP5;ENSG00000178440|TIMM23B-AGAP6;ENSG00000188234|AGAP4;ENSG00000204149|AGAP6;ENSG00000230869|AGAP10P;ENSG00000261011|AL136982.4;ENSG00000264204|AGAP7P;ENSG00000265018|AGAP12P;ENSG00000279058|AGAP14P
ENSG00000204176|SYT15|ba917d0,ENSG00000277758|FO681492.1
ENSG00000204449|TRIM49C|65f27bd,ENSG00000168930|TRIM49;ENSG00000182053|TRIM49B
ENSG00000204450|TRIM64|c451f1c,ENSG00000189253|TRIM64B
ENSG00000204479|PRAMEF17|74e2a71,ENSG00000187545|PRAMEF10;ENSG00000231103|PRAMEF30P;ENSG00000236179|PRAMEF35P;ENSG00000237700|PRAMEF33
ENSG00000204479|PRAMEF17|d1ab0e2,ENSG00000187545|PRAMEF10;ENSG00000223728|AC239801.1;ENSG00000237700|PRAMEF33;ENSG00000250894|PRAMEF31P;ENSG00000251648|AC008958.1
ENSG00000204505|PRAMEF9|dbe5d8e,ENSG00000274764|PRAMEF27
ENSG00000204510|PRAMEF7|4666a4b,ENSG00000116726|PRAMEF12;ENSG00000182330|PRAMEF8
ENSG00000204514|ZNF814|63c211f,ENSG00000178935|ZNF552;ENSG00000188295|ZNF669;ENSG00000196110|ZNF699;ENSG00000197619|ZNF615;ENSG00000198093|ZNF649;ENSG00000254579|AC090720.1;ENSG00000269343|ZNF587B
ENSG00000204519|ZNF551|9d78a8b,ENSG00000083817|ZNF416;ENSG00000183647|ZNF530;ENSG00000188785|ZNF548
ENSG00000204531|POU5F1|23fef48,ENSG00000212993|POU5F1B;ENSG00000235602|POU5F1P3;ENSG00000236375|POU5F1P5;ENSG00000237872|POU5F1P4
ENSG00000204531|POU5F1|c114ba5,ENSG00000212993|POU5F1B;ENSG00000235602|POU5F1P3;ENSG00000237872|POU5F1P4;ENSG00000242551|POU5F1P6
ENSG00000204571|KRTAP5-11|04fab11,ENSG00000185940|KRTAP5-5;ENSG00000196224|KRTAP5-3;ENSG00000204572|KRTAP5-10;ENSG00000205864|KRTAP5-6;ENSG00000205867|KRTAP5-2;ENSG00000205869|KRTAP5-1;ENSG00000241233|KRTAP5-8;ENSG00000241598|KRTAP5-4;ENSG00000244411|KRTAP5-7;ENSG00000254997|KRTAP5-9
ENSG00000204604|ZNF468|32ccdb3,ENSG00000182986|ZNF320
ENSG00000204611|ZNF616|2d76d0e,ENSG00000197608|ZNF841
ENSG00000204702|OR2J1|05a137d,ENSG00000204700|OR2J2;ENSG00000224233|OR2J4P
ENSG00000204880|KRTAP4-8|968932a,ENSG00000198443|KRTAP4-1
ENSG00000205212|CCDC144NL|27b2d53,ENSG00000154874|CCDC144B;ENSG00000154898|CCDC144CP;ENSG00000170160|CCDC144A
ENSG00000205426|KRT81|0cc84b3,ENSG00000135477|KRT87P;ENSG00000170523|KRT83
ENSG00000205426|KRT81|c1c1aad,ENSG00000135477|KRT87P;ENSG00000170523|KRT83
ENSG00000205456|TP53TG3D|aedb5fc,ENSG00000183632|TP53TG3;ENSG00000205457|TP53TG3C;ENSG00000261509|TP53TG3B;ENSG00000275034|TP53TG3E;ENSG00000278848|TP53TG3F
ENSG00000205609|EIF3CL|1a6c7a5,ENSG00000184110|EIF3C
ENSG00000205642|VCX3B|74a4629,ENSG00000129862|VCY1B;ENSG00000129864|VCY;ENSG00000169059|VCX3A;ENSG00000177504|VCX2;ENSG00000182583|VCX
ENSG00000205809|KLRC2|c1453a2,ENSG00000134545|KLRC1
ENSG00000205863|C1QTNF9B|f2ad6ba,ENSG00000240654|C1QTNF9
ENSG00000205981|DNAJC19|d8d1e71,ENSG00000258608|DNAJC19P9
ENSG00000206140|TMEM191C|baba8c4,ENSG00000226287|TMEM191A;ENSG00000278558|TMEM191B
ENSG00000206140|TMEM191C|d561ecb,ENSG00000277690|AC023490.3
ENSG00000206172|HBA1|b2c900f,ENSG00000188536|HBA2
ENSG00000211677|IGLC2|c357947,ENSG00000128322|IGLL1;ENSG00000211675|IGLC1;ENSG00000211679|IGLC3;ENSG00000234353|AP000346.2
ENSG00000211679|IGLC3|8ce9f11,ENSG00000211675|IGLC1;ENSG00000211677|IGLC2;ENSG00000211685|IGLC7;ENSG00000222037|IGLC6
ENSG00000211893|IGHG2|37a32eb,ENSG00000211892|IGHG4;ENSG00000211896|IGHG1;ENSG00000211897|IGHG3;ENSG00000253755|IGHGP
ENSG00000211893|IGHG2|53208f4,ENSG00000211892|IGHG4;ENSG00000211896|IGHG1;ENSG00000211897|IGHG3;ENSG00000253755|IGHGP
ENSG00000211893|IGHG2|94d76d5,ENSG00000211892|IGHG4;ENSG00000211896|IGHG1;ENSG00000211897|IGHG3;ENSG00000253755|IGHGP
ENSG00000212722|KRTAP4-9|47b741a,ENSG00000196156|KRTAP4-3;ENSG00000198443|KRTAP4-1;ENSG00000204880|KRTAP4-8;ENSG00000212721|KRTAP4-11;ENSG00000237230|KRTAP2-5P;ENSG00000240871|KRTAP4-7
ENSG00000212807|OR2A42|a7b3b6b,ENSG00000221970|OR2A1
ENSG00000213020|ZNF611|1af6785,ENSG00000160336|ZNF761;ENSG00000189190|ZNF600;ENSG00000196417|ZNF765;ENSG00000198482|ZNF808;ENSG00000204604|ZNF468;ENSG00000258405|ZNF578
ENSG00000213366|GSTM2|78e9004,ENSG00000134184|GSTM1;ENSG00000134201|GSTM5;ENSG00000168765|GSTM4;ENSG00000236062|GSTM5P1
ENSG00000213397|HAUS7|100ae95,ENSG00000183479|TREX2
ENSG00000213462|ERV3-1|b5363ad,ENSG00000152926|ZNF117;ENSG00000173041|ZNF680
ENSG00000213799|ZNF845|e42baeb,ENSG00000160336|ZNF761
ENSG00000213931|HBE1|d90fa72,ENSG00000196565|HBG2;ENSG00000213934|HBG1;ENSG00000239920|AC104389.5
ENSG00000213967|ZNF726|df6e840,ENSG00000197020|ZNF100;ENSG00000197134|ZNF257;ENSG00000268100|ZNF725P
ENSG00000214518|KRTAP2-2|a3713b2,ENSG00000212724|KRTAP2-3;ENSG00000212725|KRTAP2-1;ENSG00000213417|KRTAP2-4
ENSG00000214534|ZNF705E|b4fc44b,ENSG00000196946|ZNF705A;ENSG00000215343|ZNF705D;ENSG00000215372|ZNF705G
ENSG00000214534|ZNF705E|f602523,ENSG00000196946|ZNF705A;ENSG00000215339|ZNF705CP;ENSG00000215343|ZNF705D;ENSG00000215356|ZNF705B;ENSG00000215372|ZNF705G;ENSG00000219492|AC116655.1;ENSG00000251572|AF213884.2
ENSG00000214562|NUTM2D|445a9b2,ENSG00000184923|NUTM2A;ENSG00000188199|NUTM2B;ENSG00000228570|NUTM2E;ENSG00000232706|NUTM2HP
ENSG00000214732|AL096814.1|a10f2ff,ENSG00000287363|AL096814.2
ENSG00000214860|EVPLL|202e8ec,ENSG00000167880|EVPL
ENSG00000214946|TBC1D26|9147770,ENSG00000189375|TBC1D28
ENSG00000215029|TCP11X2|1de54f5,ENSG00000268235|TCP11X1
ENSG00000215186|GOLGA6B|5fedbab,ENSG00000140478|GOLGA6D;ENSG00000159289|GOLGA6A;ENSG00000167195|GOLGA6C;ENSG00000187812|AC019294.1;ENSG00000260776|AC104758.3
ENSG00000215343|ZNF705D|6100fa4,ENSG00000196946|ZNF705A;ENSG00000214534|ZNF705E;ENSG00000215339|ZNF705CP;ENSG00000215356|ZNF705B;ENSG00000215372|ZNF705G;ENSG00000219492|AC116655.1;ENSG00000248671|ALG1L9P
ENSG00000215356|ZNF705B|a836899,ENSG00000196946|ZNF705A;ENSG00000214534|ZNF705E;ENSG00000215339|ZNF705CP;ENSG00000215343|ZNF705D;ENSG00000215372|ZNF705G;ENSG00000219492|AC116655.1
ENSG00000215784|FAM72D|d9e47bc,ENSG00000188610|FAM72B;ENSG00000196550|FAM72A;ENSG00000263513|FAM72C
ENSG00000215790|SLC35E2A|14901f0,ENSG00000189339|SLC35E2B
ENSG00000215817|ZC3H11B|b6d2f1a,ENSG00000214558|AL365217.1
ENSG00000221837|KRTAP10-9|0d32ef9,ENSG00000187766|KRTAP10-8;ENSG00000188155|KRTAP10-6;ENSG00000189169|KRTAP10-12;ENSG00000205445|KRTAP10-2;ENSG00000215454|KRTAP10-4;ENSG00000215455|KRTAP10-1;ENSG00000221859|KRTAP10-10;ENSG00000236382|KRTAP10-13P;ENSG00000241123|KRTAP10-5;ENSG00000243489|KRTAP10-11
ENSG00000221867|MAGEA3|f69fc40,ENSG00000197172|MAGEA6
ENSG00000221970|OR2A1|275a9be,ENSG00000170356|OR2A20P;ENSG00000212807|OR2A42;ENSG00000228960|OR2A9P
ENSG00000222038|POTEJ|a088470,ENSG00000166351|POTED;ENSG00000183206|POTEC;ENSG00000187537|POTEG;ENSG00000188219|POTEE;ENSG00000188877|POTEA;ENSG00000196604|POTEF;ENSG00000196834|POTEI;ENSG00000198062|POTEH;ENSG00000204434|POTEKP;ENSG00000222036|POTEM;ENSG00000230031|POTEB2;ENSG00000233917|POTEB;ENSG00000276760|AC136352.2;ENSG00000277630|BX072566.1;ENSG00000278522|POTEB3
ENSG00000223417|TRIM49D1|57fe01b,ENSG00000150244|TRIM48;ENSG00000233802|TRIM49D2;ENSG00000254764|TRIM53CP
ENSG00000223572|CKMT1A|0045d0a,ENSG00000237289|CKMT1B
ENSG00000223802|CERS1|5aa8e98,ENSG00000130283|GDF1
ENSG00000225899|FRG2B|d4939c5,ENSG00000172969|FRG2C;ENSG00000205097|FRG2;ENSG00000232783|FRG2FP;ENSG00000282842|FRG2EP
ENSG00000226023|CT47A6|48966fd,ENSG00000224089|CT47A10;ENSG00000226600|CT47A9;ENSG00000226685|CT47A12;ENSG00000226929|CT47A11;ENSG00000228517|CT47A7;ENSG00000230347|CT47A8;ENSG00000230594|CT47A4;ENSG00000236126|CT47A3;ENSG00000236371|CT47A1;ENSG00000237957|CT47A5;ENSG00000242362|CT47A2
ENSG00000226784|PGAM4|3b2cd10,ENSG00000171314|PGAM1;ENSG00000186076|AC012085.1;ENSG00000214041|PGAM1P4;ENSG00000215197|PGAM4P1;ENSG00000216285|AC078819.1;ENSG00000220515|PGAM1P10;ENSG00000224464|PGAM1P6;ENSG00000225639|PGAM1P2;ENSG00000255200|PGAM1P8;ENSG00000257150|PGAM1P5
ENSG00000226941|RBMY1J|0ad2269,ENSG00000169800|RBMY1F;ENSG00000169811|RBMY1HP;ENSG00000234414|RBMY1A1;ENSG00000242389|RBMY1E;ENSG00000242875|RBMY1B;ENSG00000244395|RBMY1D
ENSG00000228049|POLR2J2|9725e78,ENSG00000005075|POLR2J;ENSG00000272655|POLR2J4;ENSG00000285437|POLR2J3
ENSG00000228696|ARL17B|ff06a46,ENSG00000185829|ARL17A
ENSG00000229183|PGA4|9ed0cf3,ENSG00000229859|PGA3;ENSG00000256713|PGA5
ENSG00000229859|PGA3|d026862,ENSG00000229183|PGA4;ENSG00000256713|PGA5
ENSG00000229972|IQCF3|4dc3ba4,ENSG00000285749|AC097636.2
ENSG00000230358|SPDYE21P|33233eb,ENSG00000170092|SPDYE5;ENSG00000179994|SPDYE7P;ENSG00000185040|SPDYE16;ENSG00000205482|SPDYE18;ENSG00000214300|SPDYE3
ENSG00000230522|MBD3L2|c20c2c0,ENSG00000182315|MBD3L3;ENSG00000196589|MBD3L2B;ENSG00000205718|MBD3L4;ENSG00000237247|MBD3L5
ENSG00000230667|SETSIP|4087871,ENSG00000119335|SET;ENSG00000214244|SETP21;ENSG00000225094|SETP20;ENSG00000233998|SETP5;ENSG00000235101|SETP9;ENSG00000237211|SETP4;ENSG00000240489|SETP14;ENSG00000241319|SETP6;ENSG00000255222|SETP17;ENSG00000258863|SETP1;ENSG00000266648|SETP3
ENSG00000231192|OR5H1|8fe739f,ENSG00000187900|OR5H7P;ENSG00000232535|OR5H8;ENSG00000233412|OR5H15
ENSG00000231924|PSG1|2a10537,ENSG00000124467|PSG8;ENSG00000170848|PSG6;ENSG00000221826|PSG3
ENSG00000231989|PPP1R2B|a1b7e06,ENSG00000184203|PPP1R2
ENSG00000231989|PPP1R2B|c90a039,ENSG00000184203|PPP1R2
ENSG00000232399|USP17L13|67d9be0,ENSG00000249482|USP17L14P
ENSG00000232653|GOLGA8N|4e436c4,ENSG00000103832|GOLGA8UP;ENSG00000178115|GOLGA8Q;ENSG00000186399|GOLGA8R;ENSG00000206127|GOLGA8O
ENSG00000233087|RAB6D|f43befd,ENSG00000222014|RAB6C
ENSG00000233816|IFNA13|8fd9c8c,ENSG00000197919|IFNA1
ENSG00000234829|IFNA17|7bd68cf,ENSG00000120235|IFNA6;ENSG00000147873|IFNA5;ENSG00000147885|IFNA16;ENSG00000186803|IFNA10;ENSG00000188379|IFNA2;ENSG00000197919|IFNA1;ENSG00000214042|IFNA7;ENSG00000224416|IFNA22P;ENSG00000228083|IFNA14;ENSG00000233816|IFNA13;ENSG00000236637|IFNA4
ENSG00000236125|USP17L4|108a1ea,ENSG00000226430|USP17L7;ENSG00000231396|USP17L10;ENSG00000237038|USP17L8;ENSG00000255556|AC087203.2
ENSG00000236396|SLC35G4|1cf57aa,ENSG00000164729|SLC35G3;ENSG00000177710|SLC35G5;ENSG00000259224|SLC35G6
ENSG00000236396|SLC35G4|5138f58,ENSG00000164729|SLC35G3;ENSG00000177710|SLC35G5;ENSG00000259224|SLC35G6
ENSG00000236761|CTAGE9|444d96f,ENSG00000214211|CTAGE14P;ENSG00000214249|CTAGE11P;ENSG00000225932|CTAGE4;ENSG00000244693|CTAGE8;ENSG00000271079|CTAGE15;ENSG00000271321|CTAGE6
ENSG00000236981|OR10G9|15d8205,ENSG00000254737|OR10G4
ENSG00000237038|USP17L8|c8564f7,ENSG00000223443|USP17L2;ENSG00000225327|USP17L3;ENSG00000230549|USP17L1;ENSG00000236125|USP17L4
ENSG00000237247|MBD3L5|f20183a,ENSG00000182315|MBD3L3;ENSG00000205718|MBD3L4;ENSG00000230522|MBD3L2
ENSG00000237289|CKMT1B|7e89e7c,ENSG00000223572|CKMT1A
ENSG00000237378|AL445989.1|23de851,ENSG00000285566|AL445238.1
ENSG00000237440|ZNF737|25e7e4c,ENSG00000182141|ZNF708
ENSG00000238210|ETDA|4bcf794,ENSG00000224107|ETDB
ENSG00000238269|PAGE2B|200fb39,ENSG00000158639|PAGE5
ENSG00000239886|KRTAP9-2|b2c7bdc,ENSG00000198083|KRTAP9-9;ENSG00000241595|KRTAP9-4
ENSG00000240038|AMY2B|6906f39,ENSG00000174876|AMY1B;ENSG00000187733|AMY1C;ENSG00000227408|AMYP1;ENSG00000237763|AMY1A;ENSG00000243480|AMY2A
ENSG00000240386|LCE1F|2356163,ENSG00000172155|LCE1D;ENSG00000186226|LCE1E;ENSG00000186844|LCE1A;ENSG00000187170|LCE4A;ENSG00000187238|LCE3B;ENSG00000196734|LCE1B;ENSG00000197084|LCE1C;ENSG00000226947|LCEP4
ENSG00000240403|KIR3DL2|1f41ceb,ENSG00000167633|KIR3DL1;ENSG00000189013|KIR2DL4
ENSG00000240871|KRTAP4-7|8f82589,ENSG00000198443|KRTAP4-1;ENSG00000204880|KRTAP4-8;ENSG00000212721|KRTAP4-11;ENSG00000212722|KRTAP4-9
ENSG00000241186|TDGF1|e577a0c,ENSG00000225366|TDGF1P3
ENSG00000241595|KRTAP9-4|196a9e5,ENSG00000182591|KRTAP11-1
ENSG00000241598|KRTAP5-4|bfbf3bb,ENSG00000185940|KRTAP5-5;ENSG00000196224|KRTAP5-3;ENSG00000205864|KRTAP5-6;ENSG00000205867|KRTAP5-2;ENSG00000205869|KRTAP5-1;ENSG00000241233|KRTAP5-8;ENSG00000244411|KRTAP5-7;ENSG00000254997|KRTAP5-9
ENSG00000242028|HYPK|80235d5,ENSG00000140264|SERF2
ENSG00000242389|RBMY1E|6a3cf82,ENSG00000169800|RBMY1F;ENSG00000169811|RBMY1HP;ENSG00000226941|RBMY1J;ENSG00000234414|RBMY1A1;ENSG00000242875|RBMY1B;ENSG00000244395|RBMY1D
ENSG00000242441|GTF2A1L|f70f344,ENSG00000068781|STON1-GTF2A1L
ENSG00000242612|DECR2|b79177c,ENSG00000103202|NME4
ENSG00000243660|ZNF487|5e6571b,ENSG00000081386|ZNF510
ENSG00000244395|RBMY1D|a1c50d6,ENSG00000169800|RBMY1F;ENSG00000169811|RBMY1HP;ENSG00000226941|RBMY1J;ENSG00000234414|RBMY1A1;ENSG00000242389|RBMY1E;ENSG00000242875|RBMY1B
ENSG00000249437|NAIP|35449fc,ENSG00000179978|AC140134.1
ENSG00000249931|GOLGA8K|0f11390,ENSG00000178115|GOLGA8Q;ENSG00000186399|GOLGA8R;ENSG00000188626|GOLGA8M;ENSG00000206127|GOLGA8O;ENSG00000232653|GOLGA8N;ENSG00000261247|GOLGA8T;ENSG00000261794|GOLGA8H;ENSG00000277561|GOLGA8IP
ENSG00000250361|GYPB|4a6e9d3,ENSG00000170180|GYPA
ENSG00000250361|GYPB|f57c768,ENSG00000170180|GYPA;ENSG00000197465|GYPE
ENSG00000250844|USP17L18|6882dd3,ENSG00000223569|USP17L15;ENSG00000233136|USP17L11;ENSG00000248920|USP17L19
ENSG00000250913|USP17L23|ac5dee6,ENSG00000205946|USP17L6P;ENSG00000223443|USP17L2;ENSG00000223569|USP17L15;ENSG00000225327|USP17L3;ENSG00000226430|USP17L7;ENSG00000227140|USP17L5;ENSG00000227551|USP17L12;ENSG00000228856|USP17L30;ENSG00000229579|USP17L26;ENSG00000230430|USP17L25;ENSG00000230549|USP17L1;ENSG00000231051|USP17L28;ENSG00000231396|USP17L10;ENSG00000231637|USP17L29;ENSG00000232264|USP17L24;ENSG00000232399|USP17L13;ENSG00000233136|USP17L11;ENSG00000235778|AC130360.1;ENSG00000235780|USP17L27;ENSG00000236125|USP17L4;ENSG00000237038|USP17L8;ENSG00000248920|USP17L19;ENSG00000248933|USP17L22;ENSG00000249104|USP17L17;ENSG00000249482|USP17L14P;ENSG00000249811|USP17L21;ENSG00000250231|USP17L16P;ENSG00000250745|USP17L20;ENSG00000250844|USP17L18;ENSG00000251694|USP17L9P;ENSG00000254423|AC087203.1;ENSG00000254923|AC130366.1;ENSG00000255211|AC130365.1
ENSG00000251380|DCANP1|9caa0f4,ENSG00000255833|TIFAB
ENSG00000253506|NACA2|52535b8,ENSG00000196531|NACA;ENSG00000228224|NACA4P
ENSG00000254206|NPIPB11|75311d3,ENSG00000169203|NPIPB12;ENSG00000169246|NPIPB3;ENSG00000185864|NPIPB4;ENSG00000198064|NPIPB13;ENSG00000234719|NPIPB2;ENSG00000243716|NPIPB5
ENSG00000254598|CSNK2A3|d65e9b6,ENSG00000101266|CSNK2A1
ENSG00000255009|UBTFL1|6cbc90c,ENSG00000204699|UBTFL3;ENSG00000204705|UBTFL5;ENSG00000228970|UBTFL6;ENSG00000229361|UBTFL7;ENSG00000234376|UBTFL2
ENSG00000255374|TAS2R43|fa8bb72,ENSG00000212126|TAS2R50;ENSG00000226761|TAS2R46;ENSG00000256188|TAS2R30;ENSG00000256436|TAS2R31
ENSG00000255529|POLR2M|a23664d,ENSG00000137878|GCOM1;ENSG00000227725|GCOM2
ENSG00000256060|TRAPPC2B|e0db4af,ENSG00000196459|TRAPPC2
ENSG00000256060|TRAPPC2B|fe30e0c,ENSG00000196459|TRAPPC2;ENSG00000228465|TRAPPC2P10;ENSG00000232845|TRAPPC2P9
ENSG00000256436|TAS2R31|e99c485,ENSG00000255374|TAS2R43
ENSG00000256980|KHDC1L|a29da7c,ENSG00000135314|KHDC1;ENSG00000251360|KHDC1P1
ENSG00000257115|OR11H12|7227362,ENSG00000130538|OR11H1;ENSG00000196143|OR11H13P;ENSG00000258453|OR11H2
ENSG00000257315|ZBED6|a1e3e82,ENSG00000058673|ZC3H11A
ENSG00000258453|OR11H2|67f8871,ENSG00000130538|OR11H1;ENSG00000196143|OR11H13P;ENSG00000257115|OR11H12
ENSG00000258472|AC005726.1|6c1801d,ENSG00000167524|RSKR
ENSG00000258947|TUBB3|6ecd4d9,ENSG00000220418|TUBB3P1
ENSG00000259224|SLC35G6|04b9c6d,ENSG00000177710|SLC35G5;ENSG00000236396|SLC35G4
ENSG00000259224|SLC35G6|431021b,ENSG00000164729|SLC35G3;ENSG00000177710|SLC35G5;ENSG00000236396|SLC35G4
ENSG00000259224|SLC35G6|bc8e464,ENSG00000164729|SLC35G3;ENSG00000177710|SLC35G5;ENSG00000236396|SLC35G4;ENSG00000267773|AP001120.3
ENSG00000259511|UBE2Q2L|6ac90d2,ENSG00000189136|UBE2Q2P1;ENSG00000259658|AC027559.1
ENSG00000260691|ANKRD20A1|b18904e,ENSG00000172014|ANKRD20A4;ENSG00000183148|ANKRD20A2;ENSG00000276203|ANKRD20A3
ENSG00000261794|GOLGA8H|ddb40f7,ENSG00000103832|GOLGA8UP
ENSG00000262664|OVCA2|513dbd5,ENSG00000108963|DPH1
ENSG00000263513|FAM72C|c9437f6,ENSG00000188610|FAM72B;ENSG00000196550|FAM72A;ENSG00000215784|FAM72D
ENSG00000264230|ANXA8L1|6d5bc9f,ENSG00000265190|ANXA8
ENSG00000265817|FSBP|7102415,ENSG00000197275|RAD54B
ENSG00000266028|SRGAP2|1843f93,ENSG00000171943|SRGAP2C;ENSG00000196369|SRGAP2B;ENSG00000270872|SRGAP2D
ENSG00000266338|NBPF15|0b9e02a,ENSG00000162825|NBPF20;ENSG00000186086|NBPF6;ENSG00000196427|NBPF4;ENSG00000219481|NBPF1;ENSG00000243967|NBPF5P;ENSG00000269713|NBPF9;ENSG00000270231|NBPF8;ENSG00000270629|NBPF14;ENSG00000271383|NBPF19;ENSG00000271425|NBPF10;ENSG00000273136|NBPF26
ENSG00000266338|NBPF15|0c175cf,ENSG00000142794|NBPF3;ENSG00000162825|NBPF20;ENSG00000219481|NBPF1;ENSG00000263956|NBPF11;ENSG00000268043|NBPF12;ENSG00000269713|NBPF9;ENSG00000270231|NBPF8;ENSG00000270629|NBPF14;ENSG00000271254|AC240274.1;ENSG00000271383|NBPF19;ENSG00000271425|NBPF10;ENSG00000272150|NBPF25P;ENSG00000273136|NBPF26
ENSG00000266338|NBPF15|3ad5e79,ENSG00000142794|NBPF3;ENSG00000162825|NBPF20;ENSG00000179571|NBPF17P;ENSG00000186086|NBPF6;ENSG00000196427|NBPF4;ENSG00000215864|NBPF7;ENSG00000219481|NBPF1;ENSG00000243967|NBPF5P;ENSG00000263956|NBPF11;ENSG00000268043|NBPF12;ENSG00000269713|NBPF9;ENSG00000270231|NBPF8;ENSG00000270629|NBPF14;ENSG00000271254|AC240274.1;ENSG00000271383|NBPF19;ENSG00000271425|NBPF10;ENSG00000272150|NBPF25P;ENSG00000273136|NBPF26
ENSG00000267368|UPK3BL1|d0fca00,ENSG00000239556|AC004951.2;ENSG00000284981|UPK3BL2
ENSG00000267631|CGB1|d9fd55d,ENSG00000104818|CGB2;ENSG00000104826|LHB;ENSG00000104827|CGB3;ENSG00000189052|CGB5;ENSG00000196337|CGB7;ENSG00000213030|CGB8
ENSG00000268043|NBPF12|589bc84,ENSG00000142794|NBPF3;ENSG00000263956|NBPF11
ENSG00000268221|OPN1MW|6615a90,ENSG00000102076|OPN1LW;ENSG00000166160|OPN1MW2;ENSG00000269433|OPN1MW3
ENSG00000268651|CTAG1A|403d4f4,ENSG00000184033|CTAG1B
ENSG00000269405|NXF2|05d0006,ENSG00000269437|NXF2B
ENSG00000269433|OPN1MW3|068a61c,ENSG00000166160|OPN1MW2;ENSG00000268221|OPN1MW
ENSG00000269437|NXF2B|cc4618c,ENSG00000269405|NXF2
ENSG00000269855|RNF225|d61a5c8,ENSG00000229544|NKX1-2
ENSG00000270339|PPIAL4H|14442e0,ENSG00000236334|PPIAL4G;ENSG00000263353|PPIAL4A;ENSG00000263464|PPIAL4C;ENSG00000271567|PPIAL4E;ENSG00000279782|PPIAL4F
ENSG00000270601|PRAMEF5|d4b5237,ENSG00000232423|PRAMEF6
ENSG00000271079|CTAGE15|a2f6e1a,ENSG00000214211|CTAGE14P;ENSG00000225932|CTAGE4;ENSG00000236761|CTAGE9;ENSG00000244693|CTAGE8;ENSG00000271321|CTAGE6
ENSG00000271321|CTAGE6|4f2d09b,ENSG00000225932|CTAGE4;ENSG00000244693|CTAGE8;ENSG00000271079|CTAGE15
ENSG00000273136|NBPF26|3b1cc21,ENSG00000162825|NBPF20;ENSG00000266338|NBPF15;ENSG00000269713|NBPF9;ENSG00000270629|NBPF14;ENSG00000271383|NBPF19;ENSG00000271425|NBPF10;ENSG00000272150|NBPF25P
ENSG00000273703|HIST1H2BM|2c0ae9e,ENSG00000180596|HIST1H2BC;ENSG00000185130|HIST1H2BL
ENSG00000273976|GOLGA6L1|6a05f58,ENSG00000237850|AC091304.1;ENSG00000277322|GOLGA6L6;ENSG00000277865|GOLGA6L22
ENSG00000274102|OR4M2|a331d80,ENSG00000176299|OR4M1;ENSG00000182974|AC135068.1;ENSG00000275249|AC171558.3
ENSG00000274183|H2AFB1|bfff23b,ENSG00000277745|H2AFB3;ENSG00000277858|H2AFB2
ENSG00000274252|GGTLC3|f294fa4,ENSG00000133475|GGT2;ENSG00000197421|GGT3P;ENSG00000276160|GGTLC5P
ENSG00000274744|ELOA3D|7887c67,ENSG00000183791|ELOA3;ENSG00000275553|ELOA3C;ENSG00000278674|ELOA3B
ENSG00000274997|HIST1H2AH|3494fab,ENSG00000278463|HIST1H2AB
ENSG00000275379|HIST1H3I|73a7fd7,ENSG00000168148|HIST3H3;ENSG00000197153|HIST1H3J;ENSG00000197409|HIST1H3D;ENSG00000227211|AL035551.1;ENSG00000273983|HIST1H3G;ENSG00000278828|HIST1H3H;ENSG00000286522|HIST1H3B
ENSG00000275793|RIMBP3|f25e08e,ENSG00000183246|RIMBP3C;ENSG00000274600|RIMBP3B
ENSG00000275896|PRSS2|bcbcc96,ENSG00000010438|PRSS3;ENSG00000204983|PRSS1;ENSG00000250591|PRSS3P1
ENSG00000275969|SPATA31A3|37689c4,ENSG00000185775|SPATA31A6;ENSG00000204849|SPATA31A1;ENSG00000276040|SPATA31A7;ENSG00000276581|SPATA31A5
ENSG00000275993|SIK1B|f3e634c,ENSG00000142178|SIK1
ENSG00000276076|CRYAA2|d8b7daf,ENSG00000160202|CRYAA
ENSG00000276289|KCNE1B|9535a27,ENSG00000180509|KCNE1
ENSG00000277865|GOLGA6L22|9d46fea,ENSG00000227717|AC138749.1;ENSG00000237850|AC091304.1;ENSG00000259236|GOLGA8VP;ENSG00000259962|AC007342.2;ENSG00000273756|AC100756.3;ENSG00000273976|GOLGA6L1;ENSG00000277322|GOLGA6L6
ENSG00000278057|TEX28|4018044,ENSG00000274962|TEX28P1;ENSG00000277008|TEX28P2;ENSG00000277009|AC244097.1
ENSG00000278522|POTEB3|84ffe35,ENSG00000166351|POTED;ENSG00000183206|POTEC;ENSG00000276760|AC136352.2;ENSG00000277630|BX072566.1
ENSG00000278558|TMEM191B|82ca1bd,ENSG00000226287|TMEM191A
ENSG00000278615|C11orf98|fedb8f6,ENSG00000162194|LBHD1;ENSG00000220745|AL080276.1;ENSG00000232158|C11orf98P1
ENSG00000278674|ELOA3B|c5bed58,ENSG00000183791|ELOA3;ENSG00000274744|ELOA3D;ENSG00000275553|ELOA3C
ENSG00000279263|OR2L8|e92d057,ENSG00000197454|OR2L5;ENSG00000198128|OR2L3;ENSG00000203663|OR2L2;ENSG00000224227|OR2L1P;ENSG00000232215|OR2L6P;ENSG00000237492|OR2L9P
ENSG00000279408|AC135068.3|15c7f92,ENSG00000183706|OR4N4;ENSG00000258564|OR4N1P;ENSG00000274792|AC171558.1
ENSG00000280071|GATD3B|018c0ca,ENSG00000160221|GATD3A
ENSG00000280433|FP565260.6|c2abaf5,ENSG00000160218|TRAPPC10
ENSG00000283378|CNTNAP3C|f16b0cb,ENSG00000106714|CNTNAP3
ENSG00000283988|TAF11L9|a4ab399,ENSG00000283967|TAF11L8;ENSG00000284042|TAF11L6;ENSG00000284234|TAF11L5;ENSG00000284283|TAF11L4;ENSG00000284356|TAF11L10;ENSG00000284439|TAF11L3;ENSG00000284465|TAF11L7
ENSG00000284306|SSU72P2|b57da53,ENSG00000230268|SSU72P8
ENSG00000284373|TAF11L2|a07332b,ENSG00000248422|AC233724.3;ENSG00000249156|TAF11L12;ENSG00000249662|LINC02218;ENSG00000250088|AC233724.7;ENSG00000250782|TAF11L14;ENSG00000283740|TAF11L11;ENSG00000283776|TAF11L13;ENSG00000283967|TAF11L8;ENSG00000283988|TAF11L9;ENSG00000284042|TAF11L6;ENSG00000284234|TAF11L5;ENSG00000284283|TAF11L4;ENSG00000284356|TAF11L10;ENSG00000284439|TAF11L3;ENSG00000284465|TAF11L7
ENSG00000284438|SSU72P7|70391e7,ENSG00000230268|SSU72P8;ENSG00000283873|SSU72P4;ENSG00000284018|SSU72P5;ENSG00000284306|SSU72P2;ENSG00000284546|SSU72P3
ENSG00000284439|TAF11L3|06bea9e,ENSG00000249282|AC233724.6
ENSG00000284546|SSU72P3|d8409f3,ENSG00000230268|SSU72P8;ENSG00000283873|SSU72P4;ENSG00000284018|SSU72P5;ENSG00000284306|SSU72P2;ENSG00000284438|SSU72P7
ENSG00000284609|OR8B3|f62f13e,ENSG00000284680|OR8B2
ENSG00000284684|AC092442.1|a1828e1,ENSG00000152969|JAKMIP1
ENSG00000284704|SCYGR3|189537d,ENSG00000284622|SCYGR10;ENSG00000284629|SCYGR1;ENSG00000284631|SCYGR4;ENSG00000284635|SCYGR8;ENSG00000284643|SCYGR2;ENSG00000284667|SCYGR5;ENSG00000284718|SCYGR7;ENSG00000284725|SCYGR6;ENSG00000285843|AC064853.2
ENSG00000284844|AP000812.4|14fca36,ENSG00000184154|LRTOMT
ENSG00000284934|AC048338.2|6f65cb1,ENSG00000184047|DIABLO
ENSG00000285437|POLR2J3|5d03874,ENSG00000005075|POLR2J;ENSG00000272655|POLR2J4
ENSG00000285765|AC134684.9|d306499,ENSG00000215354|FAM90A24P;ENSG00000285687|AC134684.8
ENSG00000285814|AC084121.9|9896fa1,ENSG00000171847|FAM90A1;ENSG00000205879|FAM90A2P;ENSG00000215354|FAM90A24P;ENSG00000215373|FAM90A5P;ENSG00000223885|FAM90A13P;ENSG00000229924|FAM90A26;ENSG00000230045|FAM90A15P;ENSG00000233115|FAM90A11P;ENSG00000233132|FAM90A3P;ENSG00000233295|FAM90A20P;ENSG00000234749|FAM90A21P;ENSG00000248944|FAM90A6P;ENSG00000249005|FAM90A4P;ENSG00000251402|FAM90A25P;ENSG00000254229|FAM90A12P;ENSG00000285607|AC084121.5;ENSG00000285620|AC084121.6;ENSG00000285657|AC084121.7;ENSG00000285687|AC134684.8;ENSG00000285720|AC084121.8;ENSG00000285765|AC134684.9;ENSG00000285913|AC084121.11;ENSG00000285937|AC084121.12;ENSG00000285950|AC084121.13;ENSG00000285975|AC134684.11
ENSG00000285937|AC084121.12|afa96f0,ENSG00000234749|FAM90A21P;ENSG00000248944|FAM90A6P;ENSG00000285607|AC084121.5;ENSG00000285620|AC084121.6;ENSG00000285657|AC084121.7;ENSG00000285720|AC084121.8;ENSG00000285913|AC084121.11;ENSG00000285950|AC084121.13;ENSG00000285975|AC134684.11
ENSG00000285950|AC084121.13|d9deceb,ENSG00000285657|AC084121.7;ENSG00000285913|AC084121.11
ENSG00000285975|AC134684.11|b77f591,ENSG00000171847|FAM90A1;ENSG00000205879|FAM90A2P;ENSG00000215354|FAM90A24P;ENSG00000215373|FAM90A5P;ENSG00000223885|FAM90A13P;ENSG00000229924|FAM90A26;ENSG00000230045|FAM90A15P;ENSG00000233115|FAM90A11P;ENSG00000233132|FAM90A3P;ENSG00000233295|FAM90A20P;ENSG00000234749|FAM90A21P;ENSG00000248944|FAM90A6P;ENSG00000249005|FAM90A4P;ENSG00000251402|FAM90A25P;ENSG00000254229|FAM90A12P;ENSG00000285607|AC084121.5;ENSG00000285620|AC084121.6;ENSG00000285657|AC084121.7;ENSG00000285687|AC134684.8;ENSG00000285720|AC084121.8;ENSG00000285765|AC134684.9;ENSG00000285814|AC084121.9;ENSG00000285913|AC084121.11;ENSG00000285937|AC084121.12;ENSG00000285950|AC084121.13
ENSG00000286019|NOTCH2NLB|cea8594,ENSG00000134250|NOTCH2;ENSG00000264343|NOTCH2NLA;ENSG00000270629|NBPF14;ENSG00000271425|NBPF10;ENSG00000273136|NBPF26;ENSG00000286106|AC253572.1;ENSG00000286219|NOTCH2NLC
ENSG00000286106|AC253572.1|882eb4f,ENSG00000273136|NBPF26
ENSG00000286175|AC023490.5|5d2a909,ENSG00000286025|AC000095.3;ENSG00000286102|AP000552.4
ENSG00000286219|NOTCH2NLC|ef88c77,ENSG00000134250|NOTCH2;ENSG00000264343|NOTCH2NLA;ENSG00000270629|NBPF14;ENSG00000271425|NBPF10;ENSG00000273136|NBPF26;ENSG00000286019|NOTCH2NLB;ENSG00000286106|AC253572.1
